注目計測名,X Avg,X SD,Y Avg,Y SD,Z Avg,Z SD,Dia Avg,Dia SD
CubeHole1, 3.47642175356548, 0.0112964550758271, 9.73120109240214, 0.00635118265742968, 0.831887955466904, 0.0011383157719132, 5.85837646325431, 0.0173456315631042
CubeHole2, 19.8053644498188, 0.0187686909106765, -15.4451623757679, 0.00769602519303176, -0.469265048702558, 0.00135739256563833, 6.17570277055105, 0.0270005119749627
CubeHole3, -0.821417565147082, 0.00869417599292703, -11.0239912668863, 0.0057970705015296, -0.412080528835454, 0.000855708579925188, 12.3391518592834, 0.00938425356113217

注目計測名,I Avg,I SD,J Avg,J SD,K Avg,K SD
CubeHole1, -0.0106729395532359, 0.00016605989765764, -0.0582913712908825, 0.000126832934202927, 0.998242522279421, 7.83199582106635E-06
CubeHole2, -0.00901256439586482, 0.00089618806065708, -0.0569039328644673, 0.000260952655211289, 0.998338590065638, 8.6056855546518E-06
CubeHole3, -0.00922246634339293, 6.95181094764502E-05, -0.0574212580298384, 7.55435097960186E-05, 0.99830745657285, 4.13381725793712E-06
特殊計算内容,distance
計算対象,計算対象,平均,標準偏差
CubeHole1,CubeHole2,30.03626,1.131876E-002,
CubeHole1,CubeHole3,21.231983,7.239142E-003,
CubeHole2,CubeHole3,21.095362,2.186405E-002,
