注目計測名,X Avg,X SD,Y Avg,Y SD,Z Avg,Z SD,Dia Avg,Dia SD
CubeHole1, 3.476422, 1.129646E-002, 9.731201, 6.351183E-003, 0.831888, 1.138316E-003, 5.858376, 1.734563E-002
CubeHole2, 19.805364, 1.876869E-002, -15.445162, 7.696025E-003, -0.469265, 1.357393E-003, 6.175703, 2.700051E-002
CubeHole3, -0.821418, 8.694176E-003, -11.023991, 5.797071E-003, -0.412081, 8.557086E-004, 12.339152, 9.384254E-003

注目計測名,I Avg,I SD,J Avg,J SD,K Avg,K SD
CubeHole1, -0.010673, 1.660599E-004, -0.058291, 1.268329E-004, 0.998243, 7.831996E-006
CubeHole2, -0.009013, 8.961881E-004, -0.056904, 2.609527E-004, 0.998339, 8.605686E-006
CubeHole3, -0.009222, 6.951811E-005, -0.057421, 7.554351E-005, 0.998307, 4.133817E-006

特殊計算内容,distance
計算対象,計算対象,平均,標準偏差
CubeHole1,CubeHole2,30.036260, 1.131876E-002,
CubeHole1,CubeHole3,21.231983, 7.239142E-003,
CubeHole2,CubeHole3,21.095362, 2.186405E-002,
