ƒtƒHƒ‹ƒ_–¼,X Avg,X SD,Y Avg,Y SD,Z Avg,Z SD,Dia Avg,Dia SD
,-19.639696,-14.523297,-20.201802,-19.574019,15.560745,-20.362084,-34.669239,0.506888,-20.320775,3.25436,-4.301661,-16.024592,3.971482,9.555798,-15.297174,17.642824,-4.349311,-15.947056