注目計測名,X Avg,X SD,Y Avg,Y SD,Z Avg,Z SD,Dia Avg,Dia SD
CubeHole1CubeHole1, -19.549691273616, 0.00540590052070548, -16.3705840477575, 0.00493886068134084, -19.8163685431848, 0.000608679424841438, 5.61025949624868, 0.015143757809899
CubeHole2CubeHole2, -19.5371227264405, 0.00707624419148008, 13.6968991206242, 0.0046666625579233, -19.8053989410402, 0.000642203652239998, 5.65601528607882, 0.0135805749679246
CubeHole3CubeHole3, -34.6125796391414, 0.013617489746751, -1.31940807746007, 0.00466163187654661, -19.8418853466329, 0.000557412393188315, 5.61139330497153, 0.0249625924776285

注目計測名,I Avg,I SD,J Avg,J SD,K Avg,K SD
CubeHole1CubeHole1, -0.00233133457815992, 7.94144740183642E-05, -0.000703398702451243, 6.00206203514276E-05, 0.999997024352735, 1.90768292714581E-07
CubeHole2CubeHole2, -0.00129346859354813, 5.16135407998655E-05, -0.00115099688096402, 5.90335821526946E-05, 0.999998491543992, 1.01458167354857E-07
CubeHole3CubeHole3, 0.00163939566566393, 0.00174915339293543, -0.00182836853827421, 0.0024136991904743, 0.999992888707381, 6.8207780632982E-06

特殊計算内容,distance
計算対象,計算対象,平均,標準偏差
CubeHole1,CubeHole2,30.067488,6.827949E-003,
CubeHole1,CubeHole3,21.293878,9.170284E-003,
CubeHole2,CubeHole3,21.278164,1.103441E-002,
