íçñ⁄åvë™ñº,X Avg,X SD,Y Avg,Y SD,Z Avg,Z SD,Dia Avg,Dia SD
CubeHole1CubeHole1, 3.47642175356548, 0.0112964550758271, 9.73120109240214, 0.00635118265742968, 0.831887955466904, 0.0011383157719132, 5.85837646325431, 0.0173456315631042
CubeHole2CubeHole2, 19.8053644498188, 0.0187686909106765, -15.4451623757679, 0.00769602519303176, -0.469265048702558, 0.00135739256563833, 6.17570277055105, 0.0270005119749627
CubeHole3CubeHole3, -0.821417565147082, 0.00869417599292703, -11.0239912668863, 0.0057970705015296, -0.412080528835454, 0.000855708579925188, 12.3391518592834, 0.00938425356113217
