注目計測名,X Avg,X SD,Y Avg,Y SD,Z Avg,Z SD,Dia Avg,Dia SD
CubeHole1, -19.639696, 6.012597E-004, -14.523297, 2.558107E-003, -20.201802, 1.000998E-003, 5.606556, 1.075715E-002
CubeHole2, -19.574019, 1.531671E-002, 15.560745, 4.905883E-004, -20.362084, 1.420559E-004, 5.658518, 6.192645E-003
CubeHole3, -34.669239, 2.083486E-002, 0.506888, 8.855383E-003, -20.320775, 7.719470E-004, 5.852899, 1.196215E-002

注目計測名,I Avg,I SD,J Avg,J SD,K Avg,K SD
CubeHole1, -0.001666, 2.249184E-004, 0.005800, 4.345095E-005, 0.999982, 1.376510E-007
CubeHole2, -0.001646, 5.094540E-005, 0.004249, 7.912004E-005, 0.999990, 2.408893E-007
CubeHole3, -0.002433, 4.594324E-004, 0.005816, 5.022112E-007, 0.999980, 1.135621E-006

特殊計算内容,distance
計算対象,計算対象,平均,標準偏差
CubeHole1,CubeHole2,30.084543, 3.701925E-003,
CubeHole1,CubeHole3,21.255773, 2.401560E-002,
CubeHole2,CubeHole3,21.318695, 2.326613E-002,
