íçñ⁄åvë™ñº,X Avg,X SD,Y Avg,Y SD,Z Avg,Z SD,Dia Avg,Dia SD
CubeHole1CubeHole1, -19.639696121216, 0.000736389737526505, -14.5232973098755, 0.0031330281315954, -20.2018022537235, 0.00122596752932411, 5.6065559387207, 0.0131747676696967
CubeHole2CubeHole2, -19.574019432068, 0.018759056510165, 15.560744762421, 0.000600845472429085, -20.362084388733, 0.000173982190911722, 5.6585178375244, 0.00758440968321733
CubeHole3CubeHole3, -34.6692390441895, 0.0255173879625713, 0.50688801705837, 0.0108455853070327, -20.3207750320435, 0.00094543810536931, 5.85289931297305, 0.0146505817171862
