注目計測名,X Avg,X SD,Y Avg,Y SD,Z Avg,Z SD,Dia Avg,Dia SD
CubeHole1, -19.639696, 7.363897E-004, -14.523297, 3.133028E-003, -20.201802, 1.225968E-003, 5.606556, 1.317477E-002
CubeHole2, -19.574019, 1.875906E-002, 15.560745, 6.008455E-004, -20.362084, 1.739822E-004, 5.658518, 7.584410E-003
CubeHole3, -34.669239, 2.551739E-002, 0.506888, 1.084559E-002, -20.320775, 9.454381E-004, 5.852899, 1.465058E-002

注目計測名,I Avg,I SD,J Avg,J SD,K Avg,K SD
CubeHole1, -0.001666, 2.754677E-004, 0.005800, 5.321632E-005, 0.999982, 1.685874E-007
CubeHole2, -0.001646, 6.239512E-005, 0.004249, 9.690186E-005, 0.999990, 2.950279E-007
CubeHole3, -0.002433, 5.626874E-004, 0.005816, 6.150806E-007, 0.999980, 1.390846E-006

特殊計算内容,distance
計算対象,計算対象,平均,標準偏差
CubeHole1,CubeHole2,30.084543, 3.701925E-003,
CubeHole1,CubeHole3,21.255773, 2.401560E-002,
CubeHole2,CubeHole3,21.318695, 2.326613E-002,
